id,Salary
2477,175966.0
76,160000.0
64,35000.0
924,195000.0
242,120000.0
5544,130000.0
6017,115000.0
4992,105000.0
5318,160000.0
4281,190000.0
2979,151670.0
5063,110000.0
2837,147326.0
4592,90000.0
2513,138662.0
5719,140000.0
3595,85000.0
5653,170000.0
4499,77000.0
5501,160000.0
5859,60000.0
1632,195000.0
887,180000.0
3569,135000.0
4358,131000.0
193,95000.0
6353,50000.0
2834,102828.0
5344,150000.0
5884,65000.0
1255,85000.0
557,196000.0
5561,55000.0
2772,90000.0
6417,130000.0
3186,80000.0
6081,80000.0
1294,170000.0
2175,130000.0
4970,140000.0
969,170000.0
5743,25000.0
3443,120000.0
1339,70000.0
6545,190000.0
5995,130000.0
4914,105000.0
5912,80000.0
1919,105000.0
1087,95000.0
101,95000.0
2342,60000.0
3757,180000.0
213,85000.0
1823,180000.0
4247,168000.0
2688,80000.0
3047,186794.0
5661,200000.0
5390,65000.0
2439,181132.0
4105,110000.0
89,55000.0
5325,120000.0
3780,75000.0
3409,45000.0
4538,80000.0
3965,85000.0
5893,110000.0
254,85000.0
2546,133326.0
3789,35000.0
3219,90000.0
3484,35000.0
2868,180367.0
3583,105000.0
4720,100000.0
2322,140000.0
3141,70000.0
3988,75000.0
3478,150000.0
894,195000.0
4240,117000.0
3597,150000.0
1952,130000.0
4159,122000.0
2409,114776.0
2205,210000.0
3525,80000.0
1355,60000.0
3516,150000.0
3049,171652.0
6349,95000.0
6551,35000.0
4461,25000.0
25,45000.0
1483,70000.0
1785,115000.0
2140,200000.0
2818,166958.0
4326,190000.0
6039,80000.0
2846,191510.0
5480,65000.0
6682,55000.0
4810,31000.0
4171,26000.0
6385,75000.0
4561,45000.0
3166,55000.0
5424,65000.0
5164,140000.0
3103,134482.0
5075,85000.0
5009,55000.0
3550,140000.0
2577,177177.0
1460,195000.0
4684,45000.0
2766,160000.0
1816,195000.0
4344,101000.0
6183,120000.0
119,120000.0
793,198000.0
3908,60000.0
5865,140000.0
2252,95000.0
1608,70000.0
4139,85000.0
5899,180000.0
5010,85000.0
5102,110000.0
2371,70000.0
4838,72000.0
6685,200000.0
952,197000.0
4231,26000.0
4204,122000.0
2487,139817.0
3319,140000.0
4898,160000.0
3870,75000.0
6546,75000.0
5410,25000.0
6009,110000.0
1848,115000.0
6048,215000.0
5821,200000.0
983,150000.0
4650,100000.0
6209,170000.0
2113,185000.0
1852,185000.0
1950,140000.0
1336,80000.0
6035,55000.0
3068,73218.0
551,180000.0
3970,75000.0
5098,65000.0
6145,55000.0
2104,190000.0
995,180000.0
136,140000.0
4574,100000.0
3839,120000.0
5120,80000.0
1009,100000.0
4579,95000.0
6625,80000.0
18,35000.0
3455,120000.0
5138,150000.0
1846,55000.0
2000,190000.0
3354,50000.0
5961,25000.0
2755,90000.0
5813,170000.0
2132,130000.0
225,105000.0
6463,100000.0
1075,180000.0
2819,145052.0
4306,240000.0
853,185000.0
4895,80000.0
1622,195000.0
2820,195270.0
5315,55000.0
4695,120000.0
2909,52807.0
3329,90000.0
979,160000.0
98,90000.0
3139,60000.0
6086,65000.0
4026,70000.0
1012,150000.0
2507,82683.0
2369,60000.0
3483,105000.0
5698,160000.0
63,180000.0
1574,160000.0
3706,50000.0
1799,160000.0
5886,45000.0
5309,50000.0
2416,168287.0
258,180000.0
3556,45000.0
1091,180000.0
5099,120000.0
3446,35000.0
6174,145000.0
4529,50000.0
3781,30000.0
4004,30000.0
6155,120000.0
6175,75000.0
413,145000.0
3436,135000.0
5504,80000.0
2006,100000.0
5513,50000.0
4534,85000.0
5598,140000.0
1227,170000.0
1246,195000.0
4340,26000.0
2404,160976.0
549,150000.0
41,190000.0
1887,160000.0
3949,130000.0
374,150000.0
399,140000.0
4061,25000.0
6446,35000.0
1496,185000.0
2720,170000.0
6112,95000.0
3773,75000.0
4964,65000.0
5658,120000.0
5073,120000.0
2012,110000.0
6003,25000.0
3111,77766.0
6530,55000.0
103,50000.0
5988,120000.0
5794,55000.0
2895,136062.0
5980,70000.0
2427,82683.0
690,170000.0
1630,185000.0
874,195000.0
2214,65000.0
5951,140000.0
5307,100000.0
3121,108799.0
5497,120000.0
1706,90000.0
1189,150000.0
2048,80000.0
5668,60000.0
3762,160000.0
1464,170000.0
2013,150000.0
1358,130000.0
1235,60000.0
5195,170000.0
5481,60000.0
5186,180000.0
221,45000.0
4979,105000.0
2655,65000.0
5639,180000.0
3217,55000.0
122,50000.0
6099,170000.0
5461,120000.0
4678,140000.0
2018,65000.0
5187,60000.0
3646,40000.0
2761,210000.0
2556,112439.0
6292,55000.0
5423,55000.0
5286,100000.0
4411,25000.0
2978,110707.0
629,140000.0
3568,80000.0
5694,80000.0
1647,170000.0
5645,28000.0
289,65000.0
3603,35000.0
4098,95000.0
3426,105000.0
4912,65000.0
943,185000.0
1659,105000.0
5701,25000.0
5475,60000.0
5853,130000.0
4952,120000.0
4622,110000.0
5400,120000.0
5704,55000.0
155,110000.0
2303,70000.0
1907,185000.0
1716,105000.0
4137,160000.0
3844,85000.0
644,110000.0
5801,90000.0
4012,150000.0
1431,80000.0
1996,195000.0
6449,35000.0
5755,150000.0
1724,140000.0
818,185000.0
2009,185000.0
328,110000.0
2319,120000.0
4830,31000.0
6180,95000.0
1937,200000.0
5534,85000.0
2003,130000.0
4182,225000.0
3564,95000.0
4234,122000.0
991,190000.0
2474,163398.0
6252,65000.0
138,60000.0
10,75000.0
2471,166512.0
5789,60000.0
3545,105000.0
1252,185000.0
936,130000.0
6658,40000.0
3633,85000.0
1903,200000.0
141,110000.0
2354,70000.0
5449,50000.0
6307,120000.0
2286,70000.0
5433,120000.0
3729,120000.0
2551,182237.0
4009,130000.0
38,40000.0
4848,72000.0
2235,130000.0
3752,140000.0
2896,191267.0
5357,160000.0
4907,95000.0
701,180000.0
6354,120000.0
1051,190000.0
2889,104378.0
1151,130000.0
519,193000.0
2462,161568.0
580,130000.0
4647,70000.0
1877,100000.0
3515,33000.0
3361,55000.0
5765,110000.0
5756,60000.0
3594,70000.0
6010,160000.0
4963,160000.0
5829,90000.0
2792,124071.0
2349,90000.0
6054,185000.0
3531,70000.0
2245,195000.0
5730,190000.0
730,130000.0
3724,35000.0
3779,120000.0
6154,65000.0
4703,130000.0
3681,65000.0
6078,145000.0
485,130000.0
5136,140000.0
1038,160000.0
963,160000.0
4539,42000.0
5096,25000.0
5836,55000.0
3052,174985.0
1604,70000.0
2082,80000.0
340,90000.0
972,195000.0
3651,65000.0
88,135000.0
6262,90000.0
0,90000.0
4253,99000.0
4603,32000.0
2438,138286.0
426,140000.0
1924,185000.0
5529,70000.0
458,130000.0
5764,40000.0
1961,80000.0
2296,55000.0
6496,120000.0
2266,180000.0
1453,200000.0
5759,80000.0
4904,170000.0
4655,120000.0
747,185000.0
4000,75000.0
6129,120000.0
5717,200000.0
5786,60000.0
4374,101000.0
6518,75000.0
2475,103947.0
2557,194214.0
5996,80000.0
4774,135000.0
1167,150000.0
6000,160000.0
734,90000.0
116,65000.0
3408,110000.0
600,95000.0
6052,135000.0
2466,101332.0
3621,105000.0
590,130000.0
4378,26000.0
2315,90000.0
711,110000.0
5159,60000.0
5628,150000.0
3676,50000.0
4176,49000.0
4752,55000.0
1990,170000.0
3539,115000.0
4233,85000.0
4746,55000.0
2011,100000.0
4284,101000.0
6101,120000.0
1595,70000.0
2530,98568.0
5958,160000.0
2410,105725.0
97,35000.0
1037,95000.0
404,130000.0
5545,80000.0
482,100000.0
2724,60000.0
2911,124071.0
2429,154207.0
5398,160000.0
2509,154207.0
1914,65000.0
4847,57000.0
4763,57000.0
4201,26000.0
2501,188651.0
5890,100000.0
3548,55000.0
4505,119000.0
5322,60000.0
6671,200000.0
1163,170000.0
268,60000.0
5282,185000.0
5255,65000.0
4632,43000.0
5872,160000.0
327,55000.0
3892,60000.0
1675,55000.0
5583,50000.0
1956,170000.0
5268,50000.0
6022,70000.0
2893,180367.0
3986,50000.0
3655,75000.0
2421,188651.0
5457,85000.0
6280,170000.0
6345,160000.0
5422,120000.0
4541,65000.0
3092,182768.0
2196,170000.0
488,140000.0
5601,80000.0
501,130000.0
2324,110000.0
1873,115000.0
1863,185000.0
6227,195000.0
1626,185000.0
49,35000.0
6567,95000.0
318,40000.0
762,190000.0
954,182000.0
3727,180000.0
2609,135853.0
3346,90000.0
749,160000.0
5289,25000.0
6350,35000.0
1761,185000.0
3437,45000.0
3135,168691.0
5778,190000.0
1035,180000.0
525,198000.0
2334,180000.0
137,50000.0
1277,200000.0
3288,60000.0
2515,188232.0
2676,190000.0
5770,30000.0
2572,166828.0
5492,65000.0
753,198000.0
630,196000.0
2550,51831.0
583,198000.0
5693,130000.0
2880,65840.0
903,185000.0
5685,60000.0
4395,179000.0
3883,35000.0
1212,165000.0
1783,95000.0
1325,55000.0
2150,80000.0
2063,90000.0
2722,80000.0
3697,180000.0
6461,160000.0
4686,55000.0
898,190000.0
5119,95000.0
1757,195000.0
3411,32000.0
186,95000.0
3809,120000.0
4748,140000.0
1938,100000.0
755,140000.0
741,180000.0
1414,90000.0
4211,75000.0
4200,113000.0
4420,92000.0
4990,65000.0
174,45000.0
3067,179756.0
2164,185000.0
2453,94502.0
3577,33000.0
4621,60000.0
582,190000.0
3450,135000.0
5396,65000.0
838,190000.0
5502,50000.0
2494,119836.0
5985,90000.0
4123,80000.0
3190,70000.0
4519,35000.0
4670,100000.0
5131,60000.0
2916,182392.0
5748,70000.0
4397,228000.0
3386,60000.0
4881,95000.0
3529,89000.0
6694,40000.0
276,160000.0
3359,200000.0
1769,210000.0
1930,135000.0
3565,35000.0
1053,120000.0
3221,180000.0
517,196000.0
4215,113000.0
3860,70000.0
2595,100425.0
4249,122000.0
3277,170000.0
5067,95000.0
1567,185000.0
1124,150000.0
5090,170000.0
1132,195000.0
603,198000.0
4166,75000.0
3090,124141.0
2146,90000.0
3085,177347.0
3713,35000.0
2644,129686.0
1615,185000.0
1566,80000.0
6097,60000.0
3668,35000.0
4195,117000.0
8,45000.0
3452,95000.0
4492,204000.0
6335,30000.0
5709,170000.0
132,100000.0
5435,185000.0
1730,110000.0
1539,185000.0
1862,115000.0
5556,140000.0
4551,32000.0
506,130000.0
4820,31000.0
4050,90000.0
1399,170000.0
5047,120000.0
3544,40000.0
200,180000.0
1985,185000.0
5043,155000.0
5863,200000.0
3837,180000.0
765,140000.0
2072,185000.0
1891,90000.0
5401,85000.0
1098,185000.0
3989,30000.0
6219,80000.0
2232,190000.0
2682,70000.0
472,140000.0
346,85000.0
4858,72000.0
3751,50000.0
1556,185000.0
885,160000.0
5664,70000.0
3034,52831.0
415,120000.0
6008,70000.0
6158,215000.0
3414,40000.0
957,160000.0
5576,85000.0
463,180000.0
1699,110000.0
6698,75000.0
3523,65000.0
5772,200000.0
2668,170000.0
2930,171652.0
1521,70000.0
5272,60000.0
2623,154281.0
2088,140000.0
2316,80000.0
4149,26000.0
6248,185000.0
2961,64182.0
2392,186963.0
3379,170000.0
5566,25000.0
2398,190004.0
1971,200000.0
6457,40000.0
5725,90000.0
5045,160000.0
3206,120000.0
4754,45000.0
1264,185000.0
3038,158966.0
1412,120000.0
3980,85000.0
1702,180000.0
1655,210000.0
6063,55000.0
3878,75000.0
531,180000.0
1682,85000.0
4661,50000.0
1913,135000.0
5031,25000.0
5718,55000.0
4819,145000.0
189,35000.0
4569,60000.0
6535,55000.0
6537,35000.0
4063,80000.0
757,185000.0
3057,145052.0
1975,185000.0
1870,115000.0
6559,190000.0
4891,170000.0
3209,140000.0
1523,125000.0
3044,142421.0
1287,145000.0
4513,219000.0
16,90000.0
301,55000.0
3100,137489.0
528,140000.0
90,120000.0
4394,91000.0
3811,30000.0
6593,80000.0
2328,200000.0
5940,80000.0
1142,185000.0
248,95000.0
522,130000.0
6064,145000.0
4186,26000.0
6332,140000.0
1025,180000.0
5044,25000.0
1099,130000.0
5258,100000.0
177,50000.0
3636,50000.0
5387,160000.0
795,140000.0
5810,70000.0
1485,185000.0
5978,55000.0
1223,195000.0
2084,115000.0
6683,190000.0
2202,150000.0
6328,50000.0
320,160000.0
3406,80000.0
2450,98568.0
4032,160000.0
5657,60000.0
290,110000.0
2928,186794.0
2079,185000.0
4427,204000.0
2085,135000.0
1889,180000.0
5430,160000.0
5298,55000.0
3557,85000.0
1505,155000.0
6168,65000.0
2869,135596.0
5937,140000.0
3820,110000.0
2995,132638.0
124,140000.0
6641,190000.0
3618,32000.0
529,196000.0
1253,90000.0
4862,52000.0
1978,80000.0
2073,130000.0
6294,35000.0
2107,130000.0
5304,85000.0
6127,170000.0
5713,60000.0
2561,192344.0
1187,130000.0
3506,80000.0
6336,75000.0
1735,105000.0
4134,140000.0
3571,95000.0
1081,190000.0
5955,170000.0
2207,180000.0
5518,160000.0
1804,115000.0
5889,65000.0
3019,137878.0
6305,40000.0
3732,160000.0
1173,130000.0
2302,120000.0
860,90000.0
916,130000.0
773,198000.0
1251,125000.0
1519,170000.0
3755,110000.0
1664,180000.0
2071,140000.0
6182,65000.0
5103,170000.0
6111,60000.0
4943,170000.0
5782,70000.0
2176,105000.0
6218,135000.0
881,140000.0
114,35000.0
516,140000.0
3530,32000.0
4611,65000.0
5257,25000.0
3797,160000.0
5595,180000.0
5458,160000.0
6474,55000.0
4037,150000.0
6019,40000.0
615,198000.0
683,195000.0
279,180000.0
5273,160000.0
4324,119000.0
1049,100000.0
3208,210000.0
5094,80000.0
362,150000.0
3502,105000.0
5463,185000.0
1898,190000.0
3200,55000.0
3874,85000.0
1788,160000.0
2945,128999.0
4467,58000.0
6680,40000.0
1736,160000.0
2661,160000.0
2587,131960.0
804,90000.0
5745,200000.0
4818,72000.0
5019,160000.0
4536,70000.0
4958,30000.0
5873,60000.0
5522,60000.0
4842,52000.0
512,160000.0
6621,100000.0
1178,185000.0
1296,175000.0
5302,50000.0
5774,140000.0
2267,60000.0
859,198000.0
1477,190000.0
3898,75000.0
2090,130000.0
3939,100000.0
1857,55000.0
4436,52000.0
882,110000.0
6131,195000.0
5285,25000.0
6523,35000.0
1773,200000.0
1692,110000.0
2915,52831.0
1295,100000.0
585,140000.0
6102,25000.0
4248,85000.0
4051,45000.0
5840,80000.0
2500,165919.0
2924,140010.0
2488,181714.0
710,196000.0
2069,65000.0
1425,120000.0
2737,170000.0
1159,100000.0
1559,190000.0
3394,50000.0
5712,160000.0
5771,180000.0
3587,80000.0
6322,170000.0
2237,200000.0
5244,110000.0
1825,190000.0
3124,150901.0
56,65000.0
6015,155000.0
3934,130000.0
4254,26000.0
3307,75000.0
2658,190000.0
5539,180000.0
5720,70000.0
4027,220000.0
809,160000.0
344,160000.0
3992,190000.0
2035,65000.0
4546,95000.0
3378,55000.0
6171,195000.0
2527,173851.0
81,80000.0
990,190000.0
5740,160000.0
2872,177347.0
1694,55000.0
5092,30000.0
4001,50000.0
3474,120000.0
4926,120000.0
4738,140000.0
2849,146075.0
3688,60000.0
376,125000.0
6195,170000.0
4866,125000.0
1097,170000.0
3605,65000.0
1760,55000.0
5100,105000.0
1997,115000.0
5643,65000.0
2227,80000.0
2919,158966.0
2918,100679.0
5070,25000.0
2529,178859.0
4304,125000.0
1300,125000.0
4096,45000.0
4944,140000.0
5104,140000.0
1467,60000.0
107,60000.0
5234,50000.0
6286,50000.0
3850,110000.0
1445,130000.0
6478,40000.0
5828,60000.0
350,160000.0
2887,146508.0
3541,80000.0
2091,105000.0
439,100000.0
2514,181699.0
1145,150000.0
4196,75000.0
2114,90000.0
2730,110000.0
184,85000.0
3972,140000.0
3187,180000.0
576,110000.0
6170,25000.0
2799,100679.0
3987,140000.0
6148,135000.0
1550,140000.0
5028,95000.0
863,185000.0
4646,55000.0
3422,80000.0
6231,75000.0
3964,130000.0
1068,160000.0
1259,195000.0
3508,45000.0
5191,55000.0
3650,110000.0
3485,135000.0
6646,140000.0
4223,99000.0
1994,160000.0
383,190000.0
673,198000.0
674,90000.0
5306,55000.0
5841,170000.0
4065,90000.0
3754,35000.0
5747,140000.0
5526,200000.0
5711,90000.0
67,45000.0
895,160000.0
5569,50000.0
759,160000.0
5662,55000.0
1293,95000.0
164,120000.0
1006,195000.0
5938,70000.0
4023,95000.0
550,130000.0
4937,160000.0
4821,105000.0
1884,115000.0
3616,150000.0
6415,50000.0
6556,40000.0
4183,36000.0
2634,123781.0
2696,110000.0
1708,145000.0
5533,55000.0
3005,167015.0
5048,105000.0
2023,105000.0
5359,120000.0
1028,160000.0
430,155000.0
2548,155944.0
26,110000.0
4393,25000.0
4664,45000.0
4150,117000.0
892,110000.0
2596,63901.0
5753,65000.0
4294,119000.0
1380,140000.0
3938,60000.0
6592,190000.0
1305,200000.0
269,110000.0
4887,120000.0
639,150000.0
3456,70000.0
2940,122970.0
6392,95000.0
6186,215000.0
559,160000.0
1741,55000.0
2641,157872.0
1789,100000.0
1729,105000.0
3086,82944.0
3273,75000.0
4590,80000.0
483,190000.0
1837,115000.0
4972,95000.0
5548,85000.0
2352,60000.0
2829,179756.0
4514,77000.0
3318,210000.0
4242,225000.0
3900,120000.0
1359,170000.0
1959,90000.0
1528,95000.0
3833,75000.0
1100,190000.0
4039,25000.0
309,170000.0
6672,50000.0
125,40000.0
1704,185000.0
6315,130000.0
4319,125000.0
2145,210000.0
4950,160000.0
3895,100000.0
5016,80000.0
420,100000.0
1590,70000.0
4591,42000.0
5655,90000.0
3994,130000.0
5827,170000.0
545,198000.0
2823,177862.0
6038,135000.0
4578,130000.0
5330,50000.0
1327,170000.0
3259,210000.0
2627,180958.0
4954,85000.0
2125,105000.0
1351,185000.0
3930,120000.0
5962,190000.0
1817,150000.0
4409,77000.0
5114,85000.0
3448,55000.0
2584,72649.0
6289,120000.0
5291,170000.0
1316,130000.0
1342,170000.0
3136,
1973,170000.0
3654,120000.0
1095,100000.0
2272,50000.0
5085,65000.0
2242,90000.0
2977,136449.0
2812,88552.0
3962,190000.0
6249,60000.0
4935,155000.0
453,140000.0
851,140000.0
2386,101332.0
5557,70000.0
304,70000.0
5068,80000.0
6165,60000.0
5900,200000.0
1409,140000.0
3407,38000.0
5107,80000.0
946,195000.0
4712,55000.0
389,185000.0
6653,80000.0
31,55000.0
5378,50000.0
57,140000.0
997,95000.0
3819,35000.0
3335,210000.0
32,75000.0
1732,55000.0
3207,70000.0
386,145000.0
4418,61000.0
4108,80000.0
1687,90000.0
4504,183000.0
2339,140000.0
1391,180000.0
6258,145000.0
4851,105000.0
4363,26000.0
4727,70000.0
6202,145000.0
4806,125000.0
1795,150000.0
6414,170000.0
5166,150000.0
4814,135000.0
4797,57000.0
4525,35000.0
1472,185000.0
469,130000.0
6390,35000.0
1703,55000.0
3951,25000.0
1578,70000.0
964,120000.0
1613,55000.0
4389,62000.0
4399,193000.0
4765,48000.0
2862,146508.0
5015,95000.0
810,135000.0
2363,100000.0
5126,80000.0
1090,170000.0
1798,65000.0
2944,114290.0
2105,140000.0
5833,25000.0
3856,30000.0
5640,200000.0
4735,120000.0
144,40000.0
4181,75000.0
4431,25000.0
4189,122000.0
3628,95000.0
849,198000.0
475,190000.0
1056,195000.0
6510,120000.0
3612,120000.0
5001,250000.0
4086,70000.0
3503,35000.0
4799,145000.0
484,155000.0
391,190000.0
5127,120000.0
2863,190596.0
6173,55000.0
1313,190000.0
2601,176643.0
5825,130000.0
1301,110000.0
544,160000.0
347,180000.0
1562,55000.0
4877,110000.0
4112,150000.0
6503,190000.0
6575,170000.0
5493,130000.0
231,120000.0
3345,170000.0
4893,30000.0
4318,26000.0
6383,55000.0
2674,160000.0
962,190000.0
1778,140000.0
1338,185000.0
4180,117000.0
4261,26000.0
4122,160000.0
2459,78354.0
1343,190000.0
3513,70000.0
1579,170000.0
3459,150000.0
4559,65000.0
2397,175966.0
657,185000.0
2856,52779.0
4713,130000.0
275,120000.0
6080,135000.0
1000,170000.0
2670,50000.0
4266,41000.0
1148,110000.0
4034,120000.0
5715,25000.0
95,65000.0
4160,96000.0
5692,70000.0
3128,152560.0
153,35000.0
4832,52000.0
566,110000.0
6196,65000.0
6125,60000.0
4823,57000.0
5898,30000.0
2197,65000.0
3476,85000.0
5666,80000.0
1515,135000.0
5941,170000.0
4918,140000.0
649,160000.0
5314,100000.0
653,198000.0
4322,36000.0
781,180000.0
4749,30000.0
4156,26000.0
1437,140000.0
3824,120000.0
6548,50000.0
6367,40000.0
1969,130000.0
5405,120000.0
3786,50000.0
172,
3500,115000.0
5232,60000.0
3641,150000.0
1181,100000.0
4059,140000.0
4472,204000.0
5310,185000.0
4947,80000.0
3600,115000.0
4190,96000.0
274,40000.0
111,95000.0
6509,35000.0
5141,65000.0
1335,60000.0
2957,185982.0
2659,140000.0
2263,170000.0
5619,170000.0
3088,141090.0
712,190000.0
5484,120000.0
6560,75000.0
5885,120000.0
1272,70000.0
6311,110000.0
2348,170000.0
5954,80000.0
2505,172955.0
5724,60000.0
2057,105000.0
91,40000.0
4390,137000.0
635,198000.0
1586,195000.0
471,115000.0
5916,160000.0
3560,65000.0
3059,122970.0
836,160000.0
3218,170000.0
940,90000.0
5922,55000.0
3519,115000.0
2788,131547.0
435,110000.0
3023,126520.0
2255,65000.0
4480,92000.0
4502,204000.0
4710,100000.0
4146,41000.0
4524,65000.0
6018,95000.0
2574,193746.0
5160,110000.0
6284,140000.0
5593,120000.0
3607,140000.0
5216,110000.0
1974,115000.0
4346,182000.0
6419,120000.0
2229,115000.0
3966,25000.0
2183,160000.0
1471,80000.0
5379,185000.0
1115,100000.0
1564,170000.0
4640,100000.0
1119,170000.0
2770,55000.0
1814,190000.0
2092,200000.0
2294,200000.0
3656,30000.0
1311,185000.0
2199,120000.0
4880,30000.0
2041,200000.0
6189,75000.0
417,180000.0
1194,185000.0
2130,185000.0
2430,107895.0
4917,170000.0
6403,130000.0
6347,170000.0
3758,35000.0
4635,120000.0
2568,173582.0
819,195000.0
2713,110000.0
5891,90000.0
6312,45000.0
1308,195000.0
324,40000.0
6228,215000.0
1309,195000.0
6002,120000.0
907,180000.0
2717,200000.0
2482,139398.0
1513,70000.0
4683,130000.0
4109,120000.0
3387,50000.0
2866,101733.0
5211,120000.0
2156,140000.0
3099,134979.0
1909,160000.0
3238,180000.0
6151,60000.0
5503,100000.0
1784,170000.0
1278,185000.0
2865,70216.0
3323,160000.0
405,145000.0
837,130000.0
1104,110000.0
5279,100000.0
83,250000.0
6126,95000.0
158,185000.0
2098,160000.0
6287,75000.0
2518,138286.0
1844,100000.0
2569,174436.0
6033,195000.0
5350,60000.0
1902,105000.0
2470,149217.0
3627,45000.0
6547,170000.0
2622,102868.0
6596,45000.0
3590,95000.0
2879,191239.0
646,140000.0
3051,119918.0
4658,140000.0
215,100000.0
4288,26000.0
6477,190000.0
6331,50000.0
4911,160000.0
3477,33000.0
6516,55000.0
3684,120000.0
1147,195000.0
139,120000.0
4048,80000.0
194,120000.0
2065,80000.0
4801,105000.0
1389,185000.0
4659,30000.0
5235,120000.0
5284,130000.0
664,90000.0
6309,90000.0
1504,70000.0
3976,65000.0
1238,165000.0
6245,75000.0
3159,50000.0
5787,90000.0
3095,147708.0
4860,31000.0
5703,200000.0
5361,160000.0
790,130000.0
5237,150000.0
1106,185000.0
1518,155000.0
3123,183530.0
1925,90000.0
5672,120000.0
3493,120000.0
4120,110000.0
3642,55000.0
357,60000.0
2209,150000.0
4919,30000.0
1691,105000.0
973,100000.0
3172,120000.0
5882,100000.0
4995,170000.0
5281,50000.0
3973,75000.0
1328,130000.0
3520,45000.0
2665,80000.0
6584,75000.0
1373,100000.0
3152,80000.0
2828,122354.0
3470,45000.0
1473,140000.0
526,90000.0
2826,128999.0
2184,80000.0
695,198000.0
4191,49000.0
1674,210000.0
3959,30000.0
5411,100000.0
6502,55000.0
3921,25000.0
2578,89843.0
2867,55935.0
3289,160000.0
2854,191239.0
4705,120000.0
5155,120000.0
4785,48000.0
2791,174938.0
3791,65000.0
5118,30000.0
2083,195000.0
2892,55935.0
4074,140000.0
2841,100867.0
281,95000.0
5093,95000.0
3176,50000.0
2900,137878.0
6396,80000.0
2285,120000.0
2558,84407.0
2174,185000.0
1024,150000.0
226,160000.0
1983,190000.0
4421,52000.0
5320,55000.0
3653,35000.0
3524,95000.0
443,145000.0
1429,150000.0
4608,80000.0
3070,185038.0
267,140000.0
4350,71000.0
6072,65000.0
3050,88552.0
3260,140000.0
5362,55000.0
3652,180000.0
5531,80000.0
1387,55000.0
4595,110000.0
2288,140000.0
3413,150000.0
2733,75000.0
2901,92438.0
1700,195000.0
5776,110000.0
6438,80000.0
1149,180000.0
4933,95000.0
2650,172925.0
4030,110000.0
1780,145000.0
115,95000.0
4677,70000.0
2747,110000.0
1639,150000.0
1014,150000.0
4449,157000.0
6524,120000.0
1942,90000.0
5968,80000.0
4235,96000.0
3211,110000.0
1776,105000.0
5366,185000.0
1360,165000.0
2971,178684.0
5758,45000.0
4330,49000.0
5650,70000.0
1853,65000.0
3803,75000.0
4396,74000.0
4665,120000.0
4025,110000.0
1750,210000.0
4331,182000.0
1442,170000.0
4055,110000.0
3969,100000.0
3127,130356.0
1265,120000.0
1787,65000.0
255,130000.0
6616,50000.0
5911,130000.0
3087,188288.0
4517,70000.0
4488,37000.0
4080,90000.0
1663,85000.0
4460,119000.0
421,190000.0
4286,182000.0
1743,140000.0
5054,95000.0
2275,160000.0
4807,57000.0
3257,120000.0
702,190000.0
6543,80000.0
4068,95000.0
3619,115000.0
6388,55000.0
6387,50000.0
3535,65000.0
2897,177347.0
1531,210000.0
602,160000.0
6397,55000.0
3118,87584.0
1679,160000.0
6413,75000.0
5818,120000.0
917,180000.0
1289,195000.0
1230,185000.0
6416,55000.0
3546,35000.0
1378,125000.0
6264,120000.0
4157,168000.0
5963,200000.0
5316,150000.0
2763,50000.0
1164,185000.0
2126,200000.0
6319,35000.0
2070,190000.0
2017,135000.0
1422,55000.0
703,150000.0
1476,185000.0
4594,40000.0
5122,25000.0
4795,48000.0
6663,95000.0
1379,195000.0
3737,140000.0
3610,32000.0
4556,80000.0
181,105000.0
2762,140000.0
6443,50000.0
2047,160000.0
2403,95845.0
1940,115000.0
2890,70216.0
3793,35000.0
1376,155000.0
4229,146000.0
5635,75000.0
4371,190000.0
2465,69032.0
3185,90000.0
5369,25000.0
2649,125091.0
3675,70000.0
4289,125000.0
2491,52731.0
647,196000.0
5823,140000.0
3764,60000.0
121,180000.0
4921,80000.0
5967,130000.0
6512,35000.0
6489,180000.0
4828,72000.0
2695,50000.0
2206,90000.0
5339,65000.0
2810,150729.0
4666,55000.0
2498,128078.0
3225,210000.0
3465,35000.0
3831,50000.0
78,180000.0
4273,26000.0
5944,160000.0
5495,100000.0
113,90000.0
392,155000.0
1530,75000.0
5682,60000.0
1165,130000.0
3731,30000.0
4135,110000.0
4133,35000.0
5636,120000.0
2598,136533.0
6346,40000.0
778,195000.0
2399,152039.0
2244,80000.0
5895,75000.0
6495,35000.0
3037,100679.0
5204,60000.0
2479,152039.0
1352,70000.0
537,130000.0
6371,45000.0
4604,90000.0
4582,60000.0
4263,85000.0
868,190000.0
1018,160000.0
2258,150000.0
2329,100000.0
6677,100000.0
4750,100000.0
4119,140000.0
1324,185000.0
4366,240000.0
2809,186794.0
848,190000.0
1171,180000.0
4606,110000.0
3471,95000.0
2134,180000.0
2510,107895.0
6394,140000.0
5642,140000.0
464,140000.0
1894,195000.0
449,155000.0
6703,35000.0
5243,60000.0
2731,60000.0
4584,48000.0
4543,110000.0
4976,160000.0
750,130000.0
3910,75000.0
175,85000.0
2966,177347.0
6428,170000.0
6648,130000.0
3639,60000.0
4769,145000.0
5560,160000.0
5297,120000.0
5347,170000.0
3714,120000.0
620,115000.0
455,100000.0
5089,110000.0
495,115000.0
5850,55000.0
4387,85000.0
2714,60000.0
459,145000.0
2825,114290.0
4441,25000.0
5994,70000.0
2241,185000.0
406,115000.0
4870,31000.0
6460,70000.0
4334,125000.0
6337,40000.0
5172,50000.0
3326,100000.0
1551,130000.0
2870,136062.0
5061,105000.0
500,155000.0
716,90000.0
4612,50000.0
2281,90000.0
2555,167207.0
1219,170000.0
3517,50000.0
745,140000.0
2212,115000.0
5324,50000.0
960,140000.0
3511,70000.0
890,90000.0
295,60000.0
1263,55000.0
416,110000.0
6637,140000.0
4193,99000.0
6631,70000.0
4100,110000.0
2159,105000.0
5901,50000.0
5876,190000.0
5637,70000.0
3907,150000.0
1215,75000.0
1514,185000.0
1131,155000.0
5050,110000.0
1602,155000.0
1671,185000.0
5080,95000.0
1155,90000.0
5584,140000.0
5208,60000.0
1403,155000.0
5769,70000.0
1878,180000.0
3113,144647.0
3491,32000.0
956,170000.0
775,140000.0
6632,160000.0
240,160000.0
4679,30000.0
1859,115000.0
3021,84181.0
5984,60000.0
1714,190000.0
3146,80000.0
3609,95000.0
5425,60000.0
5471,160000.0
4343,131000.0
5177,150000.0
3235,170000.0
4470,104000.0
4523,32000.0
3586,65000.0
5537,120000.0
3855,75000.0
4075,110000.0
1637,185000.0
2832,184480.0
5002,120000.0
3241,70000.0
626,198000.0
4753,130000.0
2395,103947.0
4398,37000.0
3425,40000.0
6282,95000.0
2086,65000.0
4558,45000.0
3614,85000.0
5312,130000.0
5981,130000.0
6699,200000.0
4948,155000.0
2750,75000.0
6181,170000.0
4070,110000.0
2261,100000.0
3880,110000.0
1648,155000.0
5914,60000.0
661,180000.0
6626,55000.0
6338,180000.0
1441,130000.0
6014,85000.0
4417,204000.0
1474,180000.0
5042,80000.0
6486,40000.0
2876,132638.0
3707,140000.0
586,110000.0
3105,100151.0
19,180000.0
2594,90944.0
5224,55000.0
6456,110000.0
2963,136986.0
5870,60000.0
2544,62807.0
1350,195000.0
4372,85000.0
4477,204000.0
3032,156486.0
6053,80000.0
1572,190000.0
1073,120000.0
165,35000.0
3222,60000.0
2707,60000.0
6517,190000.0
2586,184006.0
1502,125000.0
1046,195000.0
4403,61000.0
3741,65000.0
6650,35000.0
12,65000.0
3808,35000.0
543,180000.0
4361,182000.0
1866,100000.0
2191,185000.0
965,170000.0
251,110000.0
432,145000.0
2380,90249.0
1129,130000.0
2138,190000.0
3661,50000.0
1052,150000.0
1220,190000.0
2066,195000.0
4121,25000.0
896,130000.0
4697,70000.0
3328,170000.0
1860,195000.0
3893,25000.0
192,45000.0
210,110000.0
1899,140000.0
2419,51265.0
5931,60000.0
3168,90000.0
5228,50000.0
6233,80000.0
619,196000.0
4854,135000.0
558,195000.0
1742,185000.0
3854,120000.0
126,95000.0
5695,170000.0
5837,140000.0
2667,65000.0
3396,45000.0
1234,70000.0
614,160000.0
42,60000.0
6138,75000.0
1696,165000.0
3227,50000.0
4111,45000.0
6408,140000.0
5552,25000.0
567,185000.0
203,45000.0
4609,70000.0
478,145000.0
1666,185000.0
3106,88678.0
937,180000.0
1047,95000.0
2656,120000.0
1910,80000.0
5517,80000.0
5147,65000.0
4676,55000.0
1371,80000.0
2213,135000.0
6400,170000.0
1101,150000.0
4469,77000.0
2026,170000.0
6037,75000.0
1353,190000.0
4379,125000.0
5690,55000.0
1768,110000.0
2612,186610.0
6177,80000.0
6276,100000.0
4136,25000.0
617,185000.0
2271,140000.0
1881,115000.0
3662,140000.0
4493,61000.0
2194,210000.0
2564,150248.0
4459,183000.0
6094,135000.0
6363,120000.0
4348,26000.0
4876,85000.0
3349,60000.0
6334,100000.0
751,180000.0
2657,90000.0
4141,138000.0
6609,140000.0
1972,100000.0
408,185000.0
4270,47000.0
4681,50000.0
5072,65000.0
2861,167015.0
1080,170000.0
3761,30000.0
4365,71000.0
5263,170000.0
611,160000.0
5982,80000.0
2531,104661.0
5845,60000.0
3239,60000.0
3522,120000.0
263,50000.0
3398,130000.0
2511,148446.0
5943,90000.0
904,195000.0
782,190000.0
4010,85000.0
224,40000.0
5440,55000.0
3953,60000.0
1809,65000.0
377,120000.0
5686,120000.0
3236,90000.0
2625,107906.0
4776,125000.0
3715,75000.0
5488,100000.0
3371,50000.0
3956,50000.0
2703,170000.0
5861,25000.0
35,45000.0
2333,80000.0
4301,182000.0
6268,150000.0
178,80000.0
5710,60000.0
96,160000.0
5732,55000.0
410,190000.0
6326,100000.0
5377,120000.0
5384,55000.0
1668,90000.0
4916,110000.0
5879,60000.0
438,170000.0
1410,65000.0
3424,135000.0
4564,38000.0
1890,550.0
692,135000.0
58,55000.0
3036,151078.0
6290,40000.0
3941,50000.0
4496,52000.0
4905,140000.0
379,180000.0
3796,30000.0
3091,67556.0
129,105000.0
5466,25000.0
5095,155000.0
5238,80000.0
5188,110000.0
4044,140000.0
5146,55000.0
6041,60000.0
2816,72389.0
1511,150000.0
5321,65000.0
1669,160000.0
3016,177347.0
4069,25000.0
709,140000.0
6431,130000.0
2249,190000.0
563,198000.0
1772,80000.0
5249,160000.0
4586,85000.0
1318,70000.0
3369,210000.0
2559,139413.0
2007,170000.0
625,160000.0
2034,135000.0
4151,75000.0
5145,120000.0
1673,110000.0
505,185000.0
3830,70000.0
3175,140000.0
21,190000.0
6470,35000.0
1388,80000.0
1033,120000.0
752,190000.0
5969,170000.0
5174,55000.0
4435,92000.0
6380,140000.0
3495,85000.0
986,195000.0
2535,139095.0
2220,200000.0
3327,55000.0
1077,95000.0
659,160000.0
5472,170000.0
5005,170000.0
2749,160000.0
4341,190000.0
4757,57000.0
5026,140000.0
1529,170000.0
3721,50000.0
4385,26000.0
3430,45000.0
6655,190000.0
744,90000.0
6493,55000.0
3440,150000.0
5220,140000.0
5907,210000.0
554,110000.0
6255,195000.0
3431,140000.0
3098,170226.0
3863,75000.0
2543,191915.0
3977,190000.0
6514,40000.0
3599,32000.0
4072,220000.0
6436,140000.0
669,160000.0
5169,65000.0
4745,120000.0
62,80000.0
2001,140000.0
521,160000.0
2391,166512.0
4481,52000.0
1486,195000.0
6574,75000.0
2798,151078.0
3312,90000.0
3573,70000.0
5024,110000.0
6211,120000.0
2015,195000.0
980,170000.0
2804,77606.0
5064,170000.0
758,195000.0
5447,60000.0
6261,80000.0
5680,80000.0
4692,55000.0
2871,191267.0
6167,170000.0
4199,146000.0
6200,215000.0
2472,186963.0
5240,130000.0
2499,51265.0
310,35000.0
1217,155000.0
6555,140000.0
3632,70000.0
720,130000.0
3749,85000.0
504,140000.0
3331,180000.0
1416,200000.0
5610,200000.0
1993,90000.0
5351,160000.0
5486,160000.0
493,130000.0
1175,155000.0
624,195000.0
4187,168000.0
2632,197354.0
6304,180000.0
6117,195000.0
6471,120000.0
3287,110000.0
5046,65000.0
5871,90000.0
2926,192756.0
1002,150000.0
3417,140000.0
1397,180000.0
5248,85000.0
2067,115000.0
1619,125000.0
6472,45000.0
5728,120000.0
3223,120000.0
3033,138859.0
914,195000.0
3279,80000.0
6702,140000.0
870,90000.0
5017,155000.0
5612,140000.0
2120,65000.0
921,140000.0
6542,40000.0
204,90000.0
4550,70000.0
3705,70000.0
4369,119000.0
171,40000.0
1581,195000.0
2162,170000.0
4946,95000.0
2093,100000.0
4060,110000.0
4973,80000.0
4552,90000.0
4790,31000.0
3393,140000.0
5830,160000.0
2338,210000.0
3788,75000.0
3552,115000.0
6379,35000.0
3039,167924.0
306,180000.0
2645,68611.0
1365,140000.0
4142,47000.0
677,150000.0
1116,195000.0
5313,25000.0
994,150000.0
3381,80000.0
3460,50000.0
3229,60000.0
4267,26000.0
3017,103579.0
3671,30000.0
6058,65000.0
1719,195000.0
4696,55000.0
1605,140000.0
3058,195270.0
1140,125000.0
6695,90000.0
4775,48000.0
4307,36000.0
2262,55000.0
953,142000.0
3028,52807.0
5609,180000.0
5276,85000.0
291,180000.0
2382,161568.0
2124,130000.0
5574,160000.0
2264,90000.0
1393,185000.0
1152,190000.0
1021,190000.0
5909,140000.0
982,95000.0
2330,55000.0
5767,75000.0
5998,60000.0
6279,55000.0
6096,185000.0
6164,185000.0
6404,35000.0
1191,195000.0
46,75000.0
2381,132720.0
740,130000.0
6572,55000.0
5959,60000.0
6216,145000.0
3905,85000.0
5353,120000.0
6633,35000.0
3129,121432.0
2725,120000.0
4928,85000.0
3538,35000.0
4687,70000.0
5795,140000.0
5168,55000.0
4021,40000.0
1779,185000.0
5192,140000.0
6232,135000.0
6444,55000.0
6208,95000.0
394,145000.0
857,180000.0
6657,200000.0
1715,165000.0
947,165000.0
3999,100000.0
1589,190000.0
135,55000.0
2935,72389.0
1457,195000.0
3276,55000.0
827,165000.0
1928,195000.0
1392,70000.0
2753,55000.0
3042,77606.0
3813,60000.0
3309,100000.0
2495,99747.0
5496,100000.0
3165,100000.0
3559,150000.0
4845,48000.0
4144,95000.0
826,115000.0
1585,80000.0
6430,55000.0
2154,65000.0
2783,84181.0
4572,95000.0
3434,70000.0
6,120000.0
4922,155000.0
3400,80000.0
6296,90000.0
4619,43000.0
5780,55000.0
3150,170000.0
6533,170000.0
5924,70000.0
2027,115000.0
3383,60000.0
6034,215000.0
450,130000.0
6473,80000.0
5856,60000.0
1745,160000.0
3160,110000.0
3717,160000.0
2746,50000.0
4132,220000.0
5197,65000.0
5346,160000.0
3950,85000.0
368,160000.0
1426,155000.0
1078,160000.0
6659,70000.0
2172,190000.0
4680,100000.0
1390,140000.0
6644,50000.0
5632,40000.0
4165,117000.0
5055,80000.0
2637,61095.0
4097,150000.0
5597,50000.0
2990,191267.0
4633,500.0
4780,31000.0
1685,185000.0
4562,95000.0
1166,190000.0
4076,25000.0
4527,95000.0
6482,120000.0
5142,60000.0
5292,55000.0
370,85000.0
5152,60000.0
4965,120000.0
5746,55000.0
5855,170000.0
4955,110000.0
5414,25000.0
1282,55000.0
1326,140000.0
3391,100000.0
256,100000.0
3739,35000.0
5403,55000.0
1649,120000.0
3730,75000.0
1492,135000.0
6453,55000.0
6055,60000.0
5783,130000.0
3163,75000.0
3007,190596.0
662,190000.0
524,160000.0
6670,75000.0
2189,190000.0
5128,130000.0
4791,105000.0
1678,105000.0
3315,60000.0
4920,95000.0
206,50000.0
1004,150000.0
296,130000.0
6021,175000.0
3154,60000.0
3882,180000.0
2617,150534.0
1868,55000.0
1628,130000.0
886,130000.0
2137,55000.0
1490,80000.0
4290,71000.0
384,155000.0
134,35000.0
3132,151310.0
2370,120000.0
4865,48000.0
4656,55000.0
5775,65000.0
5512,200000.0
915,160000.0
3270,110000.0
5751,75000.0
1723,185000.0
5059,65000.0
1401,140000.0
6172,215000.0
4380,71000.0
1601,170000.0
6570,40000.0
4741,50000.0
5041,95000.0
4669,30000.0
1420,65000.0
4726,55000.0
3275,100000.0
6649,100000.0
2528,104127.0
1427,190000.0
6221,60000.0
4649,30000.0
1818,115000.0
5294,60000.0
5839,130000.0
1591,185000.0
5084,160000.0
6623,150000.0
6552,120000.0
520,175000.0
3076,185982.0
6318,80000.0
5250,55000.0
24,140000.0
4494,157000.0
5993,140000.0
2473,75072.0
4438,219000.0
6697,190000.0
2407,139817.0
272,90000.0
2032,195000.0
2907,131547.0
5428,120000.0
3504,135000.0
1592,170000.0
5201,120000.0
6185,195000.0
1607,140000.0
3027,192292.0
1060,170000.0
5137,25000.0
5600,130000.0
2166,160000.0
1079,100000.0
4154,146000.0
6044,65000.0
1774,130000.0
5905,28000.0
2787,190543.0
4162,162000.0
199,110000.0
2167,80000.0
1543,130000.0
2219,105000.0
4841,105000.0
4638,140000.0
2773,80000.0
6152,95000.0
1861,150000.0
552,190000.0
2758,60000.0
3231,75000.0
4071,70000.0
5559,80000.0
3876,50000.0
3292,100000.0
1544,70000.0
1432,155000.0
6395,40000.0
1689,145000.0
3280,180000.0
2254,180000.0
3308,200000.0
3069,52612.0
971,95000.0
5629,65000.0
4771,105000.0
6602,40000.0
5340,130000.0
5824,70000.0
2077,170000.0
900,90000.0
3851,65000.0
2847,177347.0
3388,160000.0
5386,25000.0
3689,85000.0
3942,140000.0
3984,100000.0
2923,77606.0
442,130000.0
2647,68472.0
970,130000.0
4674,45000.0
2036,190000.0
6050,145000.0
5867,130000.0
6401,50000.0
3889,55000.0
906,130000.0
5182,80000.0
1770,115000.0
1771,170000.0
6194,95000.0
5729,25000.0
1635,190000.0
5081,80000.0
1398,145000.0
1174,190000.0
6069,60000.0
722,190000.0
3864,35000.0
2680,60000.0
1588,55000.0
5516,130000.0
2257,60000.0
5253,50000.0
4373,131000.0
5976,190000.0
2981,146508.0
5784,80000.0
867,180000.0
1466,150000.0
2178,100000.0
2519,181132.0
5514,140000.0
5207,120000.0
2845,136662.0
1782,195000.0
908,190000.0
3971,50000.0
2764,110000.0
5190,100000.0
5053,30000.0
5382,25000.0
4732,55000.0
2377,187081.0
6047,195000.0
2653,76898.0
3918,35000.0
5714,120000.0
4386,190000.0
4861,105000.0
5877,200000.0
3800,70000.0
713,180000.0
261,120000.0
1966,190000.0
3080,64182.0
6485,130000.0
6420,95000.0
1753,165000.0
3756,65000.0
3665,110000.0
2936,163978.0
6600,90000.0
3177,110000.0
1998,135000.0
4131,70000.0
2822,80247.0
369,60000.0
1333,185000.0
222,100000.0
1576,195000.0
2366,90000.0
638,160000.0
2372,210000.0
6661,35000.0
4007,190000.0
2636,187120.0
1987,105000.0
80,70000.0
5979,140000.0
4532,48000.0
1594,195000.0
4878,170000.0
6314,30000.0
4966,105000.0
2384,120177.0
3554,38000.0
814,95000.0
1312,120000.0
3188,60000.0
1482,70000.0
510,90000.0
3004,151670.0
3110,175684.0
844,195000.0
1888,100000.0
5311,65000.0
2522,101186.0
1022,150000.0
6036,145000.0
5689,200000.0
326,150000.0
5389,55000.0
2951,184480.0
3567,55000.0
4321,240000.0
3877,140000.0
1896,150000.0
5404,100000.0
852,110000.0
3768,30000.0
4356,190000.0
5641,50000.0
767,185000.0
1221,115000.0
899,198000.0
1583,155000.0
3815,70000.0
1764,160000.0
6351,110000.0
3482,40000.0
3428,120000.0
6534,50000.0
2305,140000.0
6156,25000.0
3405,95000.0
4225,117000.0
5546,160000.0
5838,70000.0
5792,190000.0
3397,55000.0
1044,150000.0
6615,200000.0
1554,70000.0
5370,100000.0
6664,35000.0
6068,185000.0
1118,125000.0
834,160000.0
5734,70000.0
3625,80000.0
3533,40000.0
4412,204000.0
3174,210000.0
5037,110000.0
2081,160000.0
6007,125000.0
1908,90000.0
4079,120000.0
4228,36000.0
4444,183000.0
3915,120000.0
4003,75000.0
54,50000.0
1690,185000.0
2359,60000.0
4542,40000.0
3611,70000.0
2942,177862.0
5538,25000.0
2110,100000.0
2679,120000.0
3306,160000.0
4607,32000.0
5611,50000.0
3107,181285.0
2606,168906.0
5468,55000.0
4336,240000.0
419,170000.0
4020,170000.0
3664,35000.0
4675,120000.0
4501,25000.0
6178,185000.0
2620,137336.0
592,190000.0
6143,195000.0
2848,70397.0
6384,190000.0
2899,163780.0
5946,120000.0
5020,65000.0
2727,210000.0
217,180000.0
1842,65000.0
6220,185000.0
211,150000.0
5588,160000.0
4329,101000.0
2317,180000.0
2325,60000.0
5319,170000.0
3868,35000.0
1808,185000.0
6558,55000.0
5532,160000.0
5101,85000.0
457,155000.0
4127,150000.0
4145,174000.0
3420,115000.0
2618,68732.0
2131,90000.0
3944,30000.0
5123,160000.0
6522,130000.0
4601,55000.0
3507,140000.0
3429,55000.0
477,130000.0
5562,85000.0
6119,55000.0
884,195000.0
2878,106218.0
5125,150000.0
3122,135378.0
6466,140000.0
3733,60000.0
2061,115000.0
2211,195000.0
216,95000.0
4869,145000.0
2049,195000.0
6191,80000.0
4644,45000.0
4099,25000.0
6100,65000.0
2423,193964.0
2240,115000.0
597,175000.0
2784,174821.0
3250,100000.0
4312,85000.0
4463,61000.0
3881,65000.0
6498,35000.0
574,90000.0
1693,210000.0
6188,145000.0
4454,77000.0
1069,100000.0
2639,130355.0
6006,65000.0
4690,100000.0
584,90000.0
2443,142360.0
1321,80000.0
5575,55000.0
52,60000.0
6427,75000.0
5553,180000.0
1015,180000.0
2062,185000.0
1991,115000.0
4822,52000.0
4088,35000.0
6668,55000.0
3570,45000.0
3822,180000.0
2364,55000.0
2024,200000.0
5167,170000.0
1609,185000.0
5624,60000.0
6203,75000.0
6236,95000.0
4256,75000.0
5858,160000.0
4126,45000.0
4835,48000.0
981,140000.0
6142,28000.0
2376,169159.0
5520,85000.0
4975,25000.0
2320,70000.0
6528,40000.0
1812,180000.0
5697,90000.0
5630,100000.0
562,190000.0
4576,65000.0
2468,166375.0
4573,42000.0
6660,160000.0
1,65000.0
3637,32000.0
2738,90000.0
1727,145000.0
6225,120000.0
1765,145000.0
3933,35000.0
2350,80000.0
3723,75000.0
110,110000.0
2127,100000.0
4497,58000.0
6030,70000.0
5171,150000.0
2289,50000.0
5607,120000.0
198,55000.0
1593,150000.0
5507,170000.0
5040,30000.0
5209,150000.0
5822,55000.0
6166,95000.0
163,80000.0
1943,160000.0
3814,85000.0
6423,40000.0
476,155000.0
4875,48000.0
5498,50000.0
2813,119918.0
1885,185000.0
3542,30000.0
4258,36000.0
2223,115000.0
2925,142421.0
246,180000.0
728,195000.0
3666,65000.0
2461,132720.0
5615,80000.0
546,90000.0
739,160000.0
4130,110000.0
3701,30000.0
1749,110000.0
5021,120000.0
568,195000.0
5647,210000.0
604,130000.0
6425,55000.0
2616,174726.0
2195,95000.0
5074,105000.0
628,185000.0
3740,110000.0
3488,140000.0
3551,55000.0
6688,160000.0
2976,185038.0
1122,190000.0
2426,138032.0
4762,52000.0
5702,190000.0
1676,190000.0
185,130000.0
5727,60000.0
4784,135000.0
271,60000.0
1717,160000.0
3859,85000.0
156,50000.0
5999,90000.0
4357,85000.0
4585,125000.0
2168,195000.0
4407,58000.0
5206,50000.0
5799,170000.0
4978,120000.0
6564,130000.0
2437,188484.0
4455,104000.0
282,170000.0
2757,180000.0
2185,195000.0
159,40000.0
5252,120000.0
4901,105000.0
4702,55000.0
2956,147326.0
4927,105000.0
4432,204000.0
1197,155000.0
3418,50000.0
3498,50000.0
2607,183020.0
5860,120000.0
691,160000.0
6686,40000.0
1612,160000.0
4364,125000.0
3384,120000.0
5130,180000.0
173,140000.0
2599,136285.0
6586,35000.0
305,95000.0
6023,135000.0
4651,50000.0
4560,50000.0
3367,120000.0
4567,43000.0
1847,190000.0
6424,80000.0
4899,65000.0
5808,55000.0
6238,65000.0
2968,146075.0
2455,122485.0
2388,166375.0
4302,92000.0
5364,120000.0
4220,96000.0
1433,195000.0
1755,160000.0
3993,35000.0
726,140000.0
6075,195000.0
1874,185000.0
1458,185000.0
6479,70000.0
1127,180000.0
535,160000.0
1045,180000.0
3894,70000.0
1935,130000.0
6511,95000.0
4153,36000.0
1367,70000.0
3799,85000.0
3368,70000.0
4489,183000.0
6674,140000.0
4960,80000.0
6469,90000.0
2447,173851.0
319,120000.0
6362,35000.0
4793,57000.0
1070,170000.0
6299,60000.0
1055,180000.0
959,150000.0
6265,60000.0
4303,26000.0
4736,55000.0
1048,160000.0
700,115000.0
5580,25000.0
2843,182506.0
4102,220000.0
5857,90000.0
788,195000.0
6071,170000.0
5541,50000.0
588,195000.0
5883,150000.0
2853,106218.0
5902,140000.0
6554,35000.0
3598,50000.0
44,130000.0
1819,185000.0
5790,120000.0
3958,75000.0
3210,50000.0
6361,140000.0
5796,70000.0
3695,110000.0
3240,120000.0
880,90000.0
86,45000.0
4089,140000.0
1216,90000.0
4717,70000.0
5376,100000.0
1008,160000.0
2888,190596.0
5469,150000.0
2464,120177.0
3785,70000.0
4839,145000.0
2732,160000.0
1577,70000.0
3722,140000.0
3514,85000.0
1402,195000.0
1509,170000.0
5266,60000.0
5723,170000.0
3245,110000.0
447,100000.0
5474,65000.0
3926,50000.0
5008,120000.0
919,198000.0
3537,50000.0
3469,140000.0
6124,185000.0
4453,219000.0
5983,170000.0
5181,150000.0
2739,80000.0
5277,160000.0
627,130000.0
6490,45000.0
4022,150000.0
4375,49000.0
6316,60000.0
3631,120000.0
2336,120000.0
2999,65840.0
1746,145000.0
5589,55000.0
1495,70000.0
5536,60000.0
4276,240000.0
1965,65000.0
445,140000.0
2486,161393.0
106,50000.0
5247,
1158,180000.0
5915,90000.0
3435,38000.0
785,140000.0
3201,170000.0
1016,195000.0
774,90000.0
1677,165000.0
146,150000.0
2432,102859.0
418,140000.0
5069,155000.0
652,190000.0
6468,180000.0
5236,60000.0
1633,135000.0
2341,110000.0
4413,37000.0
1443,165000.0
1274,60000.0
4092,160000.0
169,105000.0
3725,110000.0
1451,145000.0
4368,152000.0
2143,170000.0
6271,35000.0
4468,219000.0
816,140000.0
1286,55000.0
2489,114776.0
4382,36000.0
1222,180000.0
845,160000.0
636,90000.0
5551,120000.0
2314,170000.0
2684,100000.0
55,95000.0
591,180000.0
2778,210000.0
1243,130000.0
3763,60000.0
4986,80000.0
2478,190004.0
4610,45000.0
3385,80000.0
5450,120000.0
5223,170000.0
822,185000.0
4457,204000.0
4759,145000.0
5013,140000.0
6409,40000.0
1642,195000.0
53,200000.0
2754,170000.0
2691,120000.0
3840,75000.0
1912,115000.0
6458,150000.0
5646,190000.0
923,185000.0
6603,70000.0
2989,136062.0
5221,25000.0
3352,210000.0
4522,120000.0
6504,75000.0
3295,90000.0
82,30000.0
987,100000.0
4391,112000.0
792,190000.0
1535,190000.0
4500,104000.0
196,90000.0
4792,52000.0
4813,57000.0
2590,171036.0
4896,155000.0
2803,194778.0
4244,146000.0
555,185000.0
2402,139398.0
6057,170000.0
3015,191267.0
2306,50000.0
499,190000.0
2389,185119.0
1271,175000.0
3735,70000.0
1740,180000.0
2567,119419.0
1598,185000.0
2701,100000.0
278,95000.0
6274,75000.0
395,125000.0
4354,119000.0
5062,85000.0
1169,195000.0
2689,180000.0
2321,210000.0
2208,110000.0
335,170000.0
2706,180000.0
300,180000.0
3305,60000.0
1406,130000.0
742,190000.0
599,150000.0
3356,60000.0
4217,168000.0
1257,160000.0
5888,150000.0
5290,160000.0
1707,160000.0
5626,45000.0
1775,155000.0
1876,160000.0
3370,140000.0
5592,60000.0
5570,140000.0
5175,65000.0
1003,120000.0
5542,140000.0
4773,57000.0
1201,175000.0
2056,130000.0
5261,25000.0
3810,75000.0
4458,37000.0
6256,215000.0
4824,135000.0
3753,75000.0
3083,136662.0
5437,130000.0
3978,35000.0
5051,170000.0
610,170000.0
481,185000.0
944,135000.0
4265,180000.0
2353,120000.0
5415,160000.0
3272,160000.0
3718,60000.0
641,180000.0
5519,55000.0
2414,119836.0
6076,215000.0
299,100000.0
1865,160000.0
813,160000.0
4571,35000.0
2969,155795.0
5811,130000.0
1362,130000.0
3534,105000.0
4198,36000.0
794,90000.0
2521,119224.0
1803,190000.0
2694,140000.0
4808,72000.0
513,198000.0
1695,190000.0
3709,35000.0
1317,140000.0
6634,130000.0
4490,119000.0
3690,70000.0
5527,50000.0
1383,150000.0
3904,130000.0
1652,130000.0
4208,99000.0
5866,70000.0
1960,160000.0
5154,80000.0
1130,190000.0
5521,170000.0
252,150000.0
84,40000.0
3920,85000.0
2256,120000.0
3299,120000.0
66,120000.0
249,170000.0
5706,70000.0
5927,170000.0
1307,140000.0
388,140000.0
6410,80000.0
1962,195000.0
4510,92000.0
1381,170000.0
2204,65000.0
5933,25000.0
696,95000.0
6324,95000.0
133,160000.0
1627,195000.0
5121,155000.0
3389,120000.0
1247,60000.0
4017,45000.0
2777,70000.0
3716,30000.0
4170,113000.0
4787,57000.0
1341,170000.0
6532,75000.0
978,195000.0
3553,70000.0
3282,120000.0
6494,130000.0
949,150000.0
6645,55000.0
4185,113000.0
2964,136662.0
2640,103282.0
2950,52612.0
4429,183000.0
6141,175000.0
250,40000.0
4107,160000.0
3909,100000.0
3056,166958.0
931,140000.0
5804,120000.0
4062,160000.0
3293,55000.0
1858,190000.0
2603,99363.0
5831,60000.0
6020,115000.0
5854,80000.0
2052,65000.0
5878,120000.0
3382,180000.0
4058,35000.0
999,100000.0
820,160000.0
1434,185000.0
454,185000.0
905,160000.0
3000,52779.0
4934,80000.0
4106,25000.0
3487,80000.0
985,180000.0
6184,25000.0
3248,75000.0
3875,70000.0
131,45000.0
1394,190000.0
2573,144496.0
3215,200000.0
3836,65000.0
4643,130000.0
2998,191239.0
4236,49000.0
3353,140000.0
2580,128712.0
23,60000.0
5675,200000.0
2152,115000.0
1085,180000.0
6563,55000.0
3337,50000.0
3644,70000.0
3343,100000.0
2058,200000.0
2970,132638.0
5271,65000.0
4977,65000.0
1721,180000.0
3375,75000.0
4804,135000.0
4688,140000.0
3155,120000.0
4104,140000.0
1923,115000.0
5956,60000.0
4311,190000.0
4984,30000.0
3794,120000.0
5317,25000.0
5708,80000.0
5391,60000.0
3013,135596.0
4116,70000.0
6067,80000.0
1375,185000.0
634,160000.0
1697,105000.0
2094,170000.0
6206,185000.0
5634,170000.0
6330,40000.0
4882,80000.0
232,50000.0
5420,160000.0
4038,95000.0
1304,200000.0
6144,215000.0
4864,135000.0
230,45000.0
1892,160000.0
2672,100000.0
316,80000.0
3131,183690.0
3357,160000.0
108,100000.0
75,95000.0
2962,182506.0
1461,125000.0
5397,60000.0
6266,70000.0
6521,55000.0
1302,130000.0
771,180000.0
4314,101000.0
1532,135000.0
2882,185038.0
3156,70000.0
1487,130000.0
2729,50000.0
2173,140000.0
1303,190000.0
2902,84181.0
6104,215000.0
4439,77000.0
2170,135000.0
2993,146075.0
4167,225000.0
6520,50000.0
2852,178684.0
3072,102828.0
3029,174938.0
2246,115000.0
2579,113563.0
1346,170000.0
4768,72000.0
5066,30000.0
1030,170000.0
3961,65000.0
5213,50000.0
4128,95000.0
3125,82697.0
6074,25000.0
2277,200000.0
6226,25000.0
109,40000.0
2411,52731.0
2934,174336.0
1481,195000.0
4486,25000.0
4446,25000.0
5006,50000.0
5485,85000.0
2886,167015.0
5699,60000.0
2279,55000.0
2002,185000.0
27,40000.0
3082,136986.0
3170,180000.0
6681,80000.0
3509,95000.0
6153,170000.0
5179,120000.0
2117,195000.0
841,185000.0
3041,194778.0
1268,75000.0
212,40000.0
4484,77000.0
433,125000.0
1138,195000.0
1766,185000.0
955,185000.0
595,140000.0
2721,90000.0
3148,100000.0
5826,80000.0
2624,111535.0
6481,35000.0
1162,125000.0
6642,75000.0
1830,185000.0
6025,30000.0
5670,160000.0
2927,106686.0
2108,105000.0
5604,85000.0
4300,49000.0
5586,130000.0
3899,30000.0
6640,55000.0
2652,183417.0
5669,90000.0
1306,150000.0
2112,115000.0
1915,190000.0
102,150000.0
407,140000.0
1092,120000.0
2566,88035.0
3321,110000.0
5239,120000.0
4164,26000.0
5798,80000.0
4274,125000.0
4770,31000.0
5432,100000.0
6360,75000.0
494,145000.0
5973,60000.0
2387,121450.0
5156,130000.0
732,190000.0
4359,101000.0
2357,50000.0
5452,65000.0
1582,130000.0
287,85000.0
69,150000.0
4715,120000.0
3963,35000.0
5416,170000.0
2448,104127.0
861,140000.0
6122,135000.0
6163,80000.0
4565,125000.0
663,198000.0
5134,100000.0
5421,50000.0
6031,120000.0
2337,70000.0
5773,50000.0
3948,35000.0
4706,55000.0
2198,190000.0
4148,99000.0
6588,80000.0
85,95000.0
5308,120000.0
148,80000.0
731,180000.0
3772,130000.0
3269,50000.0
5843,90000.0
2147,180000.0
3672,160000.0
581,180000.0
465,170000.0
6272,180000.0
1738,195000.0
2111,170000.0
942,110000.0
1039,100000.0
571,180000.0
4657,70000.0
2300,180000.0
4913,120000.0
4528,43000.0
3351,70000.0
3601,40000.0
4473,37000.0
1841,185000.0
6235,60000.0
598,190000.0
5587,80000.0
4188,85000.0
5691,140000.0
4902,85000.0
3373,60000.0
6389,130000.0
1209,180000.0
5696,60000.0
2611,106662.0
532,190000.0
5942,60000.0
3022,174821.0
879,198000.0
6412,190000.0
4653,130000.0
3884,120000.0
5819,25000.0
4636,55000.0
1584,185000.0
5599,70000.0
4282,85000.0
334,95000.0
2228,195000.0
3451,45000.0
5087,105000.0
6465,50000.0
783,198000.0
579,160000.0
314,85000.0
6601,200000.0
423,130000.0
3360,100000.0
5736,80000.0
4923,25000.0
5049,85000.0
4218,85000.0
4192,162000.0
2136,160000.0
1869,190000.0
197,155000.0
2771,170000.0
2153,135000.0
3693,75000.0
5000,25000.0
4588,70000.0
4442,204000.0
2121,190000.0
5278,55000.0
2010,90000.0
51,85000.0
4110,90000.0
6612,55000.0
179,170000.0
777,185000.0
654,90000.0
2480,76742.0
1322,180000.0
2949,73218.0
4825,48000.0
2016,115000.0
5203,65000.0
6281,40000.0
687,196000.0
4805,48000.0
3449,80000.0
4226,75000.0
2984,70216.0
2284,60000.0
6098,95000.0
3499,32000.0
4317,92000.0
5280,120000.0
4410,104000.0
4731,50000.0
4508,61000.0
3638,115000.0
4377,92000.0
2592,185462.0
1777,190000.0
1524,195000.0
2030,160000.0
4747,70000.0
4616,38000.0
1958,185000.0
5564,60000.0
3453,32000.0
5987,60000.0
2972,106218.0
1344,70000.0
2361,75000.0
2554,158254.0
2943,91062.0
3281,60000.0
2225,90000.0
322,130000.0
2269,70000.0
927,180000.0
2441,119224.0
5807,200000.0
743,198000.0
4006,65000.0
1926,160000.0
4174,122000.0
2745,140000.0
6107,75000.0
3011,55935.0
6149,80000.0
4338,152000.0
59,105000.0
2613,89995.0
2096,185000.0
6082,185000.0
4817,57000.0
3968,60000.0
3230,160000.0
2552,151901.0
5113,105000.0
5947,25000.0
68,90000.0
4047,160000.0
3350,120000.0
1176,195000.0
797,185000.0
6089,195000.0
3464,105000.0
6310,35000.0
1643,125000.0
1405,195000.0
48,120000.0
1580,185000.0
1621,140000.0
2238,100000.0
1137,100000.0
1541,190000.0
3114,162231.0
5301,160000.0
5470,25000.0
2723,180000.0
382,100000.0
3979,130000.0
1654,70000.0
5491,185000.0
3674,85000.0
2347,55000.0
2807,192756.0
288,130000.0
6665,140000.0
1933,140000.0
3183,55000.0
2417,115920.0
1459,155000.0
2340,50000.0
4045,110000.0
4178,99000.0
3117,177002.0
1109,155000.0
2802,113334.0
162,45000.0
2538,168304.0
6606,130000.0
5180,60000.0
3563,40000.0
989,160000.0
4138,80000.0
855,160000.0
5585,70000.0
2307,110000.0
4230,113000.0
1781,90000.0
1114,180000.0
1711,110000.0
4778,72000.0
5540,200000.0
145,90000.0
238,70000.0
380,140000.0
5323,160000.0
5975,25000.0
1747,185000.0
1005,180000.0
5633,110000.0
5651,130000.0
4981,110000.0
3647,130000.0
5388,170000.0
4507,204000.0
572,190000.0
5528,140000.0
3151,90000.0
2400,76742.0
2210,80000.0
5,55000.0
2292,160000.0
2310,75000.0
4843,57000.0
311,100000.0
1672,105000.0
3077,108267.0
1061,190000.0
3320,50000.0
6525,95000.0
4094,120000.0
3857,160000.0
761,180000.0
1624,70000.0
3213,160000.0
4002,140000.0
5077,170000.0
5293,65000.0
5986,160000.0
4630,130000.0
3291,200000.0
1396,110000.0
1989,100000.0
6374,55000.0
3014,136062.0
2941,80247.0
3865,110000.0
5921,200000.0
323,180000.0
4766,125000.0
3947,190000.0
5738,60000.0
3699,120000.0
4376,182000.0
2492,106492.0
689,195000.0
6308,50000.0
839,198000.0
2360,160000.0
283,35000.0
1667,140000.0
1805,195000.0
2040,105000.0
801,180000.0
1157,120000.0
4271,155000.0
6207,60000.0
1499,195000.0
2356,140000.0
2516,51832.0
6391,120000.0
6656,90000.0
2690,60000.0
3216,100000.0
6190,135000.0
2664,220000.0
3366,60000.0
4194,26000.0
688,92000.0
5407,185000.0
5360,85000.0
1463,140000.0
4974,155000.0
2844,136986.0
2817,163978.0
6229,55000.0
2884,110707.0
6260,45000.0
527,185000.0
865,160000.0
6176,135000.0
2581,161621.0
2605,123386.0
5763,90000.0
6437,40000.0
3806,65000.0
2814,174985.0
4360,49000.0
1428,100000.0
5754,100000.0
3925,75000.0
4889,85000.0
4788,72000.0
3046,106686.0
4673,130000.0
648,195000.0
4462,204000.0
180,40000.0
294,140000.0
4829,145000.0
4140,62000.0
1440,180000.0
977,180000.0
4575,32000.0
1411,190000.0
609,193000.0
1144,190000.0
5193,25000.0
3685,75000.0
518,95000.0
569,160000.0
6369,55000.0
2929,150729.0
40,80000.0
1254,80000.0
1199,90000.0
6073,120000.0
2827,162454.0
3954,100000.0
6597,90000.0
2074,105000.0
5906,190000.0
3246,60000.0
1186,185000.0
4557,70000.0
74,120000.0
3512,120000.0
637,195000.0
195,40000.0
4742,55000.0
5355,65000.0
6692,35000.0
746,110000.0
6497,95000.0
3048,150729.0
5788,160000.0
4826,125000.0
1076,195000.0
975,120000.0
4623,35000.0
2233,140000.0
1851,115000.0
1041,190000.0
1310,55000.0
4871,105000.0
705,160000.0
5781,140000.0
1558,185000.0
6651,150000.0
1845,180000.0
4474,183000.0
4837,57000.0
945,180000.0
1970,105000.0
2545,174305.0
1020,170000.0
1134,185000.0
1522,190000.0
2835,150301.0
6636,35000.0
736,110000.0
3194,110000.0
3314,180000.0
2805,140010.0
932,110000.0
1688,160000.0
5848,190000.0
6581,45000.0
4491,25000.0
4292,36000.0
3063,114290.0
5148,60000.0
3395,110000.0
2095,115000.0
4173,85000.0
1480,140000.0
2163,115000.0
2541,183138.0
3144,50000.0
843,196000.0
1320,190000.0
6352,75000.0
4737,70000.0
769,160000.0
974,150000.0
5170,60000.0
1357,180000.0
5383,100000.0
1374,195000.0
4172,168000.0
2451,104661.0
6618,140000.0
3196,160000.0
5515,70000.0
2297,170000.0
2702,55000.0
1110,195000.0
5948,190000.0
4613,45000.0
2905,152168.0
4782,52000.0
2309,160000.0
3480,32000.0
1871,195000.0
3804,35000.0
94,75000.0
4628,65000.0
2005,200000.0
1849,195000.0
4734,45000.0
3643,30000.0
1436,190000.0
5380,65000.0
330,50000.0
6147,75000.0
4999,80000.0
4626,100000.0
1096,190000.0
1112,185000.0
3199,100000.0
6093,75000.0
1786,185000.0
748,195000.0
4320,71000.0
3581,115000.0
2775,60000.0
5791,25000.0
2055,185000.0
5116,170000.0
5605,170000.0
1939,170000.0
1190,150000.0
3140,90000.0
6341,120000.0
1988,200000.0
1560,135000.0
1597,125000.0
3065,162454.0
1245,60000.0
1710,105000.0
6113,170000.0
4339,119000.0
6303,35000.0
699,196000.0
6476,75000.0
5842,60000.0
315,130000.0
651,180000.0
2144,65000.0
3433,115000.0
468,155000.0
2378,166109.0
5487,55000.0
6046,25000.0
4031,25000.0
6298,130000.0
3558,32000.0
4237,162000.0
2019,190000.0
2234,185000.0
2161,100000.0
30,250000.0
6118,215000.0
3061,177862.0
3310,55000.0
5212,130000.0
4849,145000.0
4184,146000.0
5510,25000.0
5086,120000.0
3024,152168.0
5579,120000.0
5149,150000.0
3330,80000.0
4313,131000.0
2503,193964.0
1850,150000.0
5881,65000.0
4932,30000.0
4642,55000.0
2299,80000.0
2575,122581.0
218,35000.0
4967,85000.0
6105,55000.0
2222,170000.0
1226,70000.0
2980,167015.0
3922,150000.0
5500,35000.0
1629,155000.0
6531,190000.0
4802,52000.0
4056,70000.0
6348,40000.0
372,40000.0
6077,55000.0
6083,60000.0
515,185000.0
570,130000.0
4305,71000.0
6689,35000.0
5352,50000.0
534,195000.0
451,145000.0
2282,80000.0
5184,130000.0
3340,160000.0
4772,52000.0
1200,185000.0
3692,140000.0
5596,200000.0
4043,35000.0
4857,57000.0
1497,170000.0
2833,132442.0
2265,80000.0
5018,25000.0
1276,120000.0
2440,73938.0
5288,150000.0
2851,132638.0
6106,145000.0
4370,26000.0
2711,140000.0
2751,200000.0
786,110000.0
2626,143885.0
1439,190000.0
1836,190000.0
6433,120000.0
2405,126753.0
6263,35000.0
1001,190000.0
1916,140000.0
5413,150000.0
5412,55000.0
4367,36000.0
805,140000.0
718,160000.0
6499,140000.0
3849,35000.0
1854,160000.0
536,198000.0
1493,55000.0
1507,185000.0
5408,65000.0
5202,55000.0
1384,60000.0
2128,170000.0
2374,50000.0
6464,90000.0
4908,80000.0
5945,60000.0
6095,80000.0
856,130000.0
2881,52779.0
1568,140000.0
1552,155000.0
631,110000.0
502,145000.0
4867,57000.0
4093,80000.0
2800,158966.0
2549,137775.0
2004,105000.0
1620,160000.0
2648,113065.0
4725,120000.0
3167,170000.0
3447,140000.0
6242,215000.0
5644,110000.0
2781,137878.0
6422,140000.0
3669,120000.0
922,110000.0
1340,90000.0
6135,120000.0
5568,200000.0
6317,150000.0
260,
6407,35000.0
4268,68000.0
5214,180000.0
3952,150000.0
345,60000.0
2614,85825.0
4959,95000.0
2014,80000.0
1232,180000.0
4953,105000.0
5217,25000.0
6198,25000.0
4015,60000.0
4251,49000.0
858,190000.0
2508,155414.0
2203,170000.0
2436,51832.0
3744,120000.0
3960,120000.0
6613,190000.0
3467,65000.0
2883,136449.0
909,198000.0
681,180000.0
3887,160000.0
1285,185000.0
1618,190000.0
434,120000.0
5183,120000.0
2840,91397.0
3302,140000.0
5869,170000.0
5097,160000.0
6088,25000.0
1839,150000.0
5832,120000.0
4885,160000.0
5334,55000.0
3890,90000.0
2216,140000.0
565,140000.0
5966,70000.0
3284,210000.0
4255,117000.0
72,190000.0
4064,120000.0
4894,95000.0
800,130000.0
4041,70000.0
6120,145000.0
1036,195000.0
5688,190000.0
1224,140000.0
5896,120000.0
2908,192292.0
6381,40000.0
402,190000.0
1260,195000.0
3026,131547.0
3703,60000.0
3421,70000.0
4614,95000.0
6538,120000.0
2020,140000.0
1332,165000.0
1503,185000.0
4874,135000.0
817,130000.0
3322,60000.0
2619,187951.0
1196,190000.0
1831,65000.0
3817,140000.0
6133,75000.0
4629,42000.0
3228,110000.0
3195,60000.0
4879,140000.0
1964,135000.0
5079,30000.0
3438,85000.0
2736,55000.0
5835,200000.0
3782,160000.0
3203,80000.0
2274,60000.0
308,120000.0
1369,190000.0
5348,55000.0
325,100000.0
1886,65000.0
4511,52000.0
183,40000.0
3983,60000.0
1929,115000.0
73,40000.0
3798,60000.0
3415,105000.0
352,110000.0
5399,50000.0
5932,120000.0
6146,145000.0
1281,170000.0
6359,40000.0
3025,190543.0
265,40000.0
3584,35000.0
2986,55935.0
3769,70000.0
1239,55000.0
2442,101186.0
5812,80000.0
140,40000.0
6302,150000.0
766,110000.0
6013,50000.0
4662,55000.0
3261,80000.0
2385,69032.0
4956,170000.0
2524,151315.0
3341,75000.0
307,50000.0
1806,150000.0
5111,65000.0
2593,107718.0
5800,60000.0
1614,80000.0
6529,80000.0
2765,60000.0
3957,140000.0
1922,170000.0
5438,25000.0
4553,50000.0
1026,195000.0
3147,200000.0
6293,100000.0
1385,70000.0
188,180000.0
2588,102465.0
1722,55000.0
714,160000.0
3173,70000.0
665,140000.0
6580,120000.0
2413,73895.0
5269,120000.0
1150,185000.0
6589,55000.0
1824,55000.0
1944,80000.0
2059,100000.0
4521,50000.0
2785,126520.0
3079,100867.0
5453,60000.0
1364,170000.0
2948,179756.0
1444,185000.0
679,125000.0
5385,150000.0
6421,35000.0
6450,140000.0
4600,40000.0
918,190000.0
3680,110000.0
2735,100000.0
1417,190000.0
727,196000.0
4581,50000.0
1895,115000.0
4723,130000.0
3392,75000.0
3648,75000.0
3659,85000.0
6192,185000.0
1932,190000.0
4989,160000.0
3171,60000.0
45,40000.0
1468,70000.0
2991,177347.0
2859,110707.0
6213,195000.0
4812,52000.0
6541,140000.0
3574,120000.0
4333,26000.0
360,40000.0
6483,80000.0
4355,26000.0
5571,70000.0
2293,75000.0
6257,55000.0
427,185000.0
1762,140000.0
104,80000.0
4888,105000.0
1323,70000.0
5356,60000.0
5144,50000.0
2054,140000.0
3912,140000.0
1415,190000.0
5817,60000.0
4555,32000.0
5431,55000.0
4283,131000.0
2857,185038.0
1644,185000.0
3911,50000.0
4637,70000.0
1977,160000.0
5459,55000.0
3501,40000.0
5259,55000.0
2954,150301.0
2345,200000.0
1177,90000.0
5949,200000.0
1366,110000.0
5076,110000.0
92,105000.0
3237,80000.0
2424,104702.0
2796,52831.0
760,130000.0
6373,50000.0
3339,60000.0
3006,146508.0
6162,135000.0
6441,75000.0
4293,152000.0
6454,190000.0
428,100000.0
5814,60000.0
2148,110000.0
4515,95000.0
2704,90000.0
5345,25000.0
5163,55000.0
3096,163209.0
686,140000.0
492,155000.0
4739,30000.0
5226,60000.0
1879,55000.0
2604,152944.0
5030,155000.0
2313,55000.0
4968,110000.0
6358,190000.0
5065,140000.0
2748,60000.0
5231,65000.0
4400,119000.0
337,90000.0
2547,75656.0
4422,58000.0
1867,180000.0
939,198000.0
5038,170000.0
1856,180000.0
4711,50000.0
3184,170000.0
6137,145000.0
220,170000.0
5426,160000.0
875,160000.0
3347,80000.0
303,150000.0
4993,85000.0
6241,195000.0
2129,115000.0
6585,170000.0
3670,75000.0
3562,120000.0
5554,200000.0
1826,115000.0
1267,175000.0
2740,180000.0
1330,95000.0
5464,65000.0
4942,110000.0
431,130000.0
2155,190000.0
1681,195000.0
5443,160000.0
1739,85000.0
4440,104000.0
1718,110000.0
5157,50000.0
2188,65000.0
396,120000.0
3251,55000.0
280,50000.0
3802,140000.0
3462,115000.0
77,100000.0
1807,115000.0
998,160000.0
6247,80000.0
902,110000.0
2610,149198.0
1007,95000.0
5406,50000.0
2910,174938.0
2815,174336.0
4648,140000.0
670,130000.0
486,145000.0
5196,55000.0
1204,195000.0
4577,42000.0
587,185000.0
764,90000.0
2767,75000.0
871,140000.0
6244,145000.0
2686,170000.0
1600,80000.0
6214,215000.0
621,180000.0
1198,195000.0
3064,128999.0
514,110000.0
4014,80000.0
6487,90000.0
4219,122000.0
292,40000.0
976,150000.0
4903,110000.0
2654,579.0
3304,110000.0
87,80000.0
4124,120000.0
6340,35000.0
2719,55000.0
1182,195000.0
496,140000.0
2375,122485.0
2039,130000.0
4652,55000.0
1801,180000.0
3035,182392.0
4509,157000.0
14,40000.0
675,140000.0
5465,130000.0
6197,120000.0
4114,25000.0
1290,155000.0
480,140000.0
3602,105000.0
444,115000.0
6467,40000.0
47,180000.0
4719,30000.0
6690,130000.0
3742,180000.0
6372,190000.0
4011,25000.0
5477,50000.0
607,196000.0
2368,180000.0
2769,100000.0
33,65000.0
3093,148727.0
1031,190000.0
5964,55000.0
3232,200000.0
3401,45000.0
3935,85000.0
1117,160000.0
6507,55000.0
5082,155000.0
1656,55000.0
1288,170000.0
4693,130000.0
3532,150000.0
5874,120000.0
6049,55000.0
29,90000.0
511,195000.0
1686,140000.0
1208,175000.0
3592,70000.0
3869,120000.0
1596,195000.0
1548,70000.0
4161,49000.0
2230,135000.0
5060,120000.0
4554,110000.0
539,140000.0
6527,140000.0
6405,120000.0
2982,190596.0
4724,45000.0
5623,180000.0
807,185000.0
1982,65000.0
6301,40000.0
5652,80000.0
2045,185000.0
6224,65000.0
1161,160000.0
4890,110000.0
1999,65000.0
2542,130275.0
4016,130000.0
876,130000.0
2044,115000.0
1462,195000.0
285,150000.0
2728,140000.0
6150,185000.0
4589,32000.0
913,185000.0
5925,130000.0
6639,90000.0
4597,50000.0
5162,100000.0
2179,170000.0
4624,95000.0
3589,45000.0
3297,180000.0
4163,99000.0
2988,135596.0
4800,31000.0
6364,80000.0
401,100000.0
3985,75000.0
2987,180367.0
366,50000.0
5971,90000.0
5972,160000.0
1968,185000.0
4066,45000.0
5023,85000.0
3766,150000.0
4078,80000.0
5004,100000.0
5027,30000.0
1283,130000.0
1448,140000.0
3708,75000.0
4179,26000.0
3169,80000.0
3825,75000.0
864,195000.0
3301,210000.0
5135,55000.0
2663,60000.0
2860,151670.0
2643,186321.0
6599,190000.0
3084,191510.0
2666,130000.0
2821,122970.0
3161,60000.0
4495,92000.0
3399,50000.0
50,130000.0
2435,188232.0
950,162000.0
3001,185038.0
5262,160000.0
1494,190000.0
3792,180000.0
1345,185000.0
2139,120000.0
2454,62852.0
2992,70397.0
6065,75000.0
5358,50000.0
5700,120000.0
656,110000.0
2236,105000.0
1713,55000.0
891,140000.0
6411,55000.0
2460,90249.0
1616,100000.0
4744,45000.0
3743,35000.0
5707,130000.0
676,90000.0
1192,110000.0
470,145000.0
1906,115000.0
3181,200000.0
6442,170000.0
1407,85000.0
4298,131000.0
6578,130000.0
2445,181021.0
3403,120000.0
1072,150000.0
1233,175000.0
4471,25000.0
1237,170000.0
4478,61000.0
5622,25000.0
3325,200000.0
1273,180000.0
2192,130000.0
6491,190000.0
4197,225000.0
3991,65000.0
3691,50000.0
128,50000.0
938,190000.0
3009,70216.0
4740,100000.0
227,70000.0
3427,35000.0
4733,130000.0
2087,190000.0
2553,100052.0
1424,190000.0
4296,190000.0
5454,160000.0
3180,75000.0
6160,145000.0
4019,90000.0
3193,50000.0
2960,100867.0
3842,160000.0
6492,50000.0
2457,187081.0
348,35000.0
2029,90000.0
5806,190000.0
4291,240000.0
1833,100000.0
5625,120000.0
3924,100000.0
466,100000.0
2669,110000.0
4833,57000.0
6230,145000.0
601,195000.0
2433,138662.0
1183,160000.0
3313,80000.0
6365,35000.0
5684,160000.0
3778,35000.0
2075,200000.0
613,180000.0
341,170000.0
342,50000.0
5374,160000.0
1517,195000.0
1093,195000.0
3923,60000.0
4232,168000.0
3255,180000.0
487,115000.0
3377,100000.0
6667,90000.0
1500,70000.0
411,155000.0
3853,35000.0
1450,70000.0
3845,70000.0
5834,190000.0
5363,100000.0
2291,60000.0
5952,70000.0
2651,126916.0
2629,178284.0
6300,70000.0
2362,200000.0
1617,185000.0
2187,135000.0
4645,120000.0
4704,45000.0
353,180000.0
724,110000.0
5194,150000.0
5490,50000.0
5110,160000.0
6283,35000.0
4203,85000.0
6451,40000.0
4796,125000.0
2043,170000.0
5673,25000.0
671,180000.0
3089,152726.0
6544,55000.0
5550,60000.0
2973,191239.0
2186,115000.0
4482,58000.0
6066,135000.0
4991,120000.0
6540,35000.0
2304,210000.0
4699,30000.0
2932,119918.0
2420,165919.0
1872,150000.0
2031,80000.0
3410,89000.0
2678,45000.0
823,150000.0
1911,195000.0
2811,171652.0
4596,105000.0
2683,200000.0
5368,130000.0
5451,55000.0
1185,170000.0
3702,160000.0
645,185000.0
3364,80000.0
2051,135000.0
3635,150000.0
1103,195000.0
6445,130000.0
6250,95000.0
3283,70000.0
4309,119000.0
5429,85000.0
2681,150000.0
302,120000.0
803,198000.0
5022,105000.0
1478,125000.0
460,125000.0
799,160000.0
6630,40000.0
4971,30000.0
123,80000.0
6087,120000.0
1981,135000.0
1901,130000.0
6028,45000.0
6591,40000.0
71,70000.0
5793,200000.0
364,90000.0
6325,35000.0
5265,65000.0
6550,130000.0
4983,140000.0
2456,169159.0
214,130000.0
4516,45000.0
2517,188484.0
4957,140000.0
1501,195000.0
5036,85000.0
930,90000.0
1133,90000.0
2697,60000.0
1725,90000.0
3445,95000.0
2358,110000.0
5939,130000.0
1893,80000.0
1154,195000.0
2782,92438.0
3256,60000.0
3738,75000.0
329,180000.0
5509,120000.0
3262,70000.0
6001,60000.0
245,95000.0
236,100000.0
1948,65000.0
2135,140000.0
547,195000.0
5417,55000.0
3376,200000.0
3916,65000.0
5953,130000.0
5444,170000.0
2119,135000.0
825,198000.0
3866,65000.0
725,185000.0
2496,168287.0
2743,70000.0
5467,100000.0
5251,100000.0
4537,32000.0
313,60000.0
4024,25000.0
5039,140000.0
205,160000.0
331,130000.0
5508,60000.0
1066,195000.0
2327,75000.0
1413,80000.0
2169,115000.0
5367,65000.0
4297,85000.0
573,198000.0
4980,85000.0
3765,100000.0
5478,120000.0
6571,80000.0
5957,90000.0
888,190000.0
5991,200000.0
2938,145052.0
99,110000.0
5326,55000.0
3053,174336.0
3848,75000.0
1062,150000.0
6638,40000.0
2046,90000.0
3274,200000.0
1034,150000.0
6429,50000.0
5649,140000.0
448,190000.0
3679,35000.0
317,95000.0
5777,28000.0
4940,105000.0
6115,120000.0
1456,100000.0
3494,70000.0
2779,103579.0
1645,195000.0
1139,160000.0
5852,70000.0
2700,200000.0
5616,160000.0
5394,120000.0
1361,185000.0
6378,95000.0
6320,160000.0
1256,190000.0
4777,57000.0
1400,165000.0
754,90000.0
2786,152168.0
4388,131000.0
4718,140000.0
4781,105000.0
6508,130000.0
3317,70000.0
6355,40000.0
270,150000.0
3579,50000.0
3348,180000.0
1153,155000.0
2123,185000.0
6484,35000.0
1705,140000.0
2097,90000.0
5742,120000.0
5543,70000.0
2744,210000.0
1291,125000.0
5456,120000.0
2064,160000.0
1599,195000.0
3179,160000.0
2151,195000.0
5679,130000.0
4855,48000.0
6608,35000.0
1057,95000.0
1793,115000.0
3010,101733.0
5176,60000.0
640,130000.0
2589,149748.0
2103,65000.0
5535,170000.0
548,160000.0
3202,90000.0
3620,40000.0
4930,170000.0
6114,65000.0
6269,35000.0
5844,160000.0
1657,190000.0
6323,40000.0
2346,100000.0
2903,174821.0
6084,95000.0
5300,60000.0
4685,120000.0
4625,42000.0
4929,110000.0
2994,155795.0
3867,180000.0
2038,185000.0
2831,52612.0
3214,75000.0
3081,182506.0
1105,180000.0
6452,80000.0
5766,170000.0
3585,135000.0
5851,140000.0
1382,170000.0
1951,185000.0
6619,35000.0
6091,55000.0
910,90000.0
3224,70000.0
6136,60000.0
2390,149217.0
1976,90000.0
4299,101000.0
4836,125000.0
6212,25000.0
1571,185000.0
5143,150000.0
3254,80000.0
6679,150000.0
4280,26000.0
2955,171468.0
2885,151670.0
160,90000.0
349,110000.0
3843,60000.0
3891,160000.0
6399,75000.0
2200,200000.0
2301,60000.0
3777,180000.0
6426,190000.0
5614,130000.0
929,198000.0
1454,80000.0
1563,80000.0
530,110000.0
1979,195000.0
257,95000.0
2268,120000.0
3153,180000.0
3955,75000.0
835,92000.0
4938,65000.0
984,120000.0
5549,170000.0
3996,25000.0
1545,170000.0
6217,75000.0
6447,120000.0
1510,195000.0
3316,120000.0
6059,120000.0
2365,170000.0
3475,70000.0
2877,178684.0
4743,130000.0
1269,200000.0
3244,50000.0
2355,210000.0
3442,32000.0
2490,105725.0
5215,60000.0
2965,191510.0
5139,170000.0
968,120000.0
4618,90000.0
3472,32000.0
2483,95845.0
3748,60000.0
2608,47898.0
6500,40000.0
3862,140000.0
3720,70000.0
1520,185000.0
4566,90000.0
2298,90000.0
100,45000.0
36,60000.0
706,198000.0
6004,190000.0
1945,195000.0
4428,37000.0
3112,192211.0
3760,75000.0
1284,180000.0
6549,55000.0
992,150000.0
2118,115000.0
1822,100000.0
5260,150000.0
1610,190000.0
3682,180000.0
5683,90000.0
1955,100000.0
2808,106686.0
5434,50000.0
4924,160000.0
6016,70000.0
5419,60000.0
1331,70000.0
1475,70000.0
1228,185000.0
5199,150000.0
5032,160000.0
358,95000.0
1720,85000.0
5617,55000.0
4852,52000.0
5744,190000.0
4414,183000.0
286,60000.0
6343,90000.0
3759,120000.0
2789,192292.0
4663,130000.0
1821,160000.0
2630,75969.0
6062,215000.0
247,50000.0
1207,155000.0
253,40000.0
5296,50000.0
2276,75000.0
2760,70000.0
4996,140000.0
1275,190000.0
901,140000.0
5299,65000.0
829,180000.0
273,180000.0
6042,95000.0
4057,220000.0
4816,125000.0
4279,119000.0
2076,100000.0
776,110000.0
2239,170000.0
1418,110000.0
4544,105000.0
414,125000.0
4786,125000.0
4152,225000.0
2946,162454.0
5270,55000.0
3974,30000.0
594,90000.0
277,70000.0
6339,80000.0
935,160000.0
2160,200000.0
3622,35000.0
3936,25000.0
1838,195000.0
3696,65000.0
1123,150000.0
4325,26000.0
1438,55000.0
911,140000.0
1299,155000.0
772,190000.0
4,200000.0
6455,
3990,120000.0
6090,215000.0
3604,135000.0
5608,25000.0
1292,180000.0
2585,52612.0
5660,190000.0
3623,135000.0
3886,30000.0
4214,146000.0
149,175000.0
2331,170000.0
5678,70000.0
4487,204000.0
824,90000.0
6628,90000.0
4095,90000.0
3043,140010.0
883,185000.0
4451,52000.0
2171,65000.0
508,190000.0
5115,110000.0
4250,96000.0
4448,61000.0
5462,50000.0
6139,135000.0
4910,25000.0
1193,180000.0
3109,108204.0
2536,106278.0
2583,179987.0
5862,190000.0
452,115000.0
4406,52000.0
2677,140000.0
925,160000.0
3694,35000.0
1538,120000.0
4081,45000.0
4224,26000.0
5665,130000.0
5577,170000.0
4483,219000.0
2415,99747.0
3363,90000.0
2311,200000.0
2985,101733.0
4617,125000.0
3126,194638.0
5375,55000.0
5631,90000.0
6440,190000.0
926,130000.0
862,110000.0
4530,60000.0
5335,100000.0
2080,90000.0
2078,115000.0
4269,127000.0
4207,162000.0
770,130000.0
1430,170000.0
1508,190000.0
3660,70000.0
4077,160000.0
2824,91062.0
5025,170000.0
5088,85000.0
489,185000.0
1546,125000.0
6627,190000.0
3054,72389.0
5108,155000.0
3234,55000.0
933,185000.0
1653,170000.0
993,120000.0
4593,65000.0
1086,195000.0
2734,200000.0
5648,55000.0
738,195000.0
1261,190000.0
6132,215000.0
154,95000.0
791,180000.0
4716,55000.0
5189,25000.0
6267,40000.0
542,190000.0
321,65000.0
633,180000.0
2493,73895.0
1089,100000.0
1262,95000.0
1712,210000.0
233,85000.0
1249,180000.0
1756,110000.0
5674,190000.0
6204,135000.0
3134,148437.0
5667,170000.0
5919,25000.0
5735,130000.0
5613,70000.0
4853,57000.0
4549,55000.0
4789,145000.0
6005,200000.0
1280,195000.0
1071,190000.0
6684,90000.0
1121,130000.0
5582,200000.0
3002,136449.0
3040,113334.0
373,90000.0
4430,119000.0
1455,95000.0
2109,200000.0
4117,220000.0
6604,160000.0
4147,162000.0
3834,35000.0
4082,150000.0
5140,55000.0
3266,70000.0
3710,110000.0
6251,170000.0
4315,49000.0
5274,50000.0
3846,50000.0
3823,35000.0
3784,85000.0
4949,25000.0
4351,240000.0
723,198000.0
4423,219000.0
2452,134858.0
1489,185000.0
507,180000.0
4803,57000.0
4008,35000.0
704,195000.0
948,198000.0
1297,80000.0
5511,180000.0
3746,30000.0
3981,25000.0
5868,80000.0
3998,60000.0
4259,146000.0
1734,165000.0
6676,130000.0
5029,80000.0
3097,120288.0
6568,35000.0
2504,104702.0
2068,135000.0
2259,70000.0
6079,75000.0
667,185000.0
1963,115000.0
6376,35000.0
390,100000.0
4275,71000.0
6573,190000.0
1205,100000.0
3518,32000.0
2806,142421.0
4728,140000.0
4465,92000.0
3982,150000.0
150,45000.0
2560,143084.0
3767,55000.0
6278,110000.0
2250,140000.0
397,110000.0
951,175000.0
5011,80000.0
1319,170000.0
4262,168000.0
1348,155000.0
34,170000.0
143,135000.0
4844,135000.0
2952,132442.0
3667,180000.0
6161,75000.0
1631,80000.0
6333,40000.0
828,130000.0
1484,170000.0
3342,200000.0
2693,210000.0
1449,110000.0
5473,55000.0
4053,95000.0
3838,35000.0
3885,75000.0
2947,122354.0
1827,195000.0
3463,40000.0
497,185000.0
6061,195000.0
3285,140000.0
5427,50000.0
5499,130000.0
2100,195000.0
5505,60000.0
763,198000.0
4756,125000.0
3928,75000.0
1298,195000.0
4456,25000.0
4327,85000.0
4709,30000.0
1661,110000.0
3045,192756.0
4540,90000.0
1802,55000.0
3940,75000.0
5602,160000.0
70,65000.0
6187,55000.0
5716,190000.0
6557,80000.0
796,110000.0
2101,115000.0
266,95000.0
1419,180000.0
5494,25000.0
398,180000.0
4221,49000.0
3242,210000.0
1570,70000.0
170,180000.0
4272,92000.0
1813,55000.0
4809,145000.0
1184,125000.0
6130,25000.0
3816,50000.0
2635,141735.0
3588,140000.0
5091,140000.0
3561,32000.0
4384,119000.0
5849,200000.0
1241,90000.0
3917,190000.0
4067,150000.0
3119,131860.0
5572,130000.0
5337,50000.0
2726,70000.0
4570,110000.0
4424,77000.0
6297,35000.0
3549,45000.0
2037,140000.0
3303,50000.0
4028,35000.0
2406,161393.0
2931,88552.0
1840,115000.0
2165,90000.0
5033,65000.0
2273,110000.0
4758,72000.0
4831,105000.0
831,198000.0
6691,95000.0
2318,60000.0
5418,65000.0
6201,55000.0
1744,90000.0
354,50000.0
3677,140000.0
6032,28000.0
3278,90000.0
3572,32000.0
